[{"pyment":"sell","userid":"24.0064,89.2372","email":"demo@demo.com","phone":"01977357091","method":"bkash","account":"01568834415","usdAmount":"100","bdtAmount":"10600.00","fee":"2.00 USD","rbdt":"10388.00 BDT","tokenname":"bpi","address":"1","transaction":"qswdd","datetime":"2024-05-13 16:45:46"},{"pyment":"","userid":"","email":"","phone":"","method":"","account":"","usdAmount":"","bdtAmount":"","fee":"","rbdt":"","tokenname":"","address":"","transaction":"","datetime":"2024-05-13 16:50:06"},{"pyment":"","userid":"","email":"","phone":"","method":"","account":"","usdAmount":"","bdtAmount":"","fee":"","rbdt":"","tokenname":"","address":"","transaction":"","datetime":"2024-05-13 16:52:25"},{"pyment":"sell","userid":"24.0064,89.2372","email":"demo@demo.com","phone":"01977357091","method":"nagad","account":"018840","usdAmount":"67","bdtAmount":"7102.00","fee":"1.34 USD","rbdt":"6959.96 BDT","tokenname":"bep20","address":"2","transaction":"4","datetime":"2024-05-13 16:52:44"},{"pyment":"sell","userid":"24.0064,89.2372","email":"demo@demo.com","phone":"01977357091","method":"","account":"01568834415","usdAmount":"67","bdtAmount":"7102.00","fee":"1.34 USD","rbdt":"6959.96 BDT","tokenname":"bpi","address":"1","transaction":"rgrfgjhgrhjgsdhfjgwrefgtrwqegh","datetime":"2024-05-13 18:29:23"},{"pyment":"sell","userid":"24.0064,89.2372","email":"demo@demo.com","phone":"01977357091","method":"","account":"01568834415","usdAmount":"67","bdtAmount":"7102.00","fee":"1.34 USD","rbdt":"6959.96 BDT","tokenname":"bpi","address":"1","transaction":"rgrfgjhgrhjgsdhfjgwrefgtrwqegh","datetime":"2024-05-13 18:36:57"},{"pyment":"sell","userid":"24.0064,89.2372","email":"demo@demo.com","phone":"01977357091","method":"","account":"01568834415","usdAmount":"122","bdtAmount":"12932.00","fee":"2.44 USD","rbdt":"12673.36 BDT","tokenname":"bep20","address":"2","transaction":"2","datetime":"2024-05-17 10:09:04"},{"pyment":"sell","userid":"24.0064,89.2372","email":"demo@demo.com","phone":"01977357091","method":"","account":"018840","usdAmount":"567","bdtAmount":"60102.00","fee":"11.34 USD","rbdt":"58899.96 BDT","tokenname":"bep20","address":"2","transaction":"fdgkjfxdjigjihgjfiogfgighjhjkfjhkj","datetime":"2024-05-17 10:13:49"},{"pyment":"sell","userid":"24.0064,89.2372","email":"demo@demo.com","phone":"01977357091","method":"","account":"018840","usdAmount":"567","bdtAmount":"60102.00","fee":"11.34 USD","rbdt":"58899.96 BDT","tokenname":"bep20","address":"2","transaction":"fdgkjfxdjigjihgjfiogfgighjhjkfjhkj","datetime":"2024-05-17 10:14:02"},{"pyment":"sell","userid":"24.0064,89.2372","email":"demo@demo.com","phone":"01977357091","method":"","account":"018840","usdAmount":"567","bdtAmount":"60102.00","fee":"11.34 USD","rbdt":"58899.96 BDT","tokenname":"bep20","address":"2","transaction":"fdgkjfxdjigjihgjfiogfgighjhjkfjhkj","datetime":"2024-05-17 10:14:14"},{"pyment":"sell","userid":"24.0064,89.2372","email":"demo@demo.com","phone":"01977357091","method":"","account":"018840","usdAmount":"567","bdtAmount":"60102.00","fee":"11.34 USD","rbdt":"58899.96 BDT","tokenname":"bep20","address":"2","transaction":"fdgkjfxdjigjihgjfiogfgighjhjkfjhkj","datetime":"2024-05-17 10:21:45"},{"pyment":"sell","userid":"24.0064,89.2372","email":"demo@demo.com","phone":"01977357091","method":"","account":"018840","usdAmount":"567","bdtAmount":"60102.00","fee":"11.34 USD","rbdt":"58899.96 BDT","tokenname":"bep20","address":"2","transaction":"fdgkjfxdjigjihgjfiogfgighjhjkfjhkj","datetime":"2024-05-17 10:22:32"},{"pyment":"sell","userid":"24.0064,89.2372","email":"demo@demo.com","phone":"01977357091","method":"","account":"018840","usdAmount":"567","bdtAmount":"60102.00","fee":"11.34 USD","rbdt":"58899.96 BDT","tokenname":"bep20","address":"2","transaction":"fdgkjfxdjigjihgjfiogfgighjhjkfjhkj","datetime":"2024-05-17 10:23:03"},{"pyment":"sell","userid":"24.0064,89.2372","email":"demo@demo.com","phone":"01977357091","method":"","account":"018840","usdAmount":"567","bdtAmount":"60102.00","fee":"11.34 USD","rbdt":"58899.96 BDT","tokenname":"bep20","address":"2","transaction":"fdgkjfxdjigjihgjfiogfgighjhjkfjhkj","datetime":"2024-05-17 10:28:51"},{"pyment":"sell","userid":"24.0064,89.2372","email":"demo@demo.com","phone":"01977357091","method":"","account":"018840","usdAmount":"567","bdtAmount":"60102.00","fee":"11.34 USD","rbdt":"58899.96 BDT","tokenname":"bep20","address":"2","transaction":"fdgkjfxdjigjihgjfiogfgighjhjkfjhkj","datetime":"2024-05-17 10:29:05"},{"pyment":"sell","userid":"24.0064,89.2372","email":"demo@demo.com","phone":"01977357091","method":"","account":"018840","usdAmount":"567","bdtAmount":"60102.00","fee":"11.34 USD","rbdt":"58899.96 BDT","tokenname":"bep20","address":"2","transaction":"fdgkjfxdjigjihgjfiogfgighjhjkfjhkj","datetime":"2024-05-17 10:29:24"},{"pyment":"sell","userid":"24.0064,89.2372","email":"demo@demo.com","phone":"01977357091","method":"","account":"018840","usdAmount":"567","bdtAmount":"60102.00","fee":"11.34 USD","rbdt":"58899.96 BDT","tokenname":"bep20","address":"2","transaction":"fdgkjfxdjigjihgjfiogfgighjhjkfjhkj","datetime":"2024-05-17 10:31:36"},{"pyment":"sell","userid":"24.0064,89.2372","email":"demo@demo.com","phone":"01977357091","method":"","account":"018840","usdAmount":"567","bdtAmount":"60102.00","fee":"11.34 USD","rbdt":"58899.96 BDT","tokenname":"bep20","address":"2","transaction":"fdgkjfxdjigjihgjfiogfgighjhjkfjhkj","datetime":"2024-05-17 10:31:40"},{"pyment":"sell","userid":"24.0064,89.2372","email":"demo@demo.com","phone":"01977357091","method":"","account":"018840","usdAmount":"567","bdtAmount":"60102.00","fee":"11.34 USD","rbdt":"58899.96 BDT","tokenname":"bep20","address":"2","transaction":"fdgkjfxdjigjihgjfiogfgighjhjkfjhkj","datetime":"2024-05-17 10:32:24"},{"pyment":"sell","userid":"24.0064,89.2372","email":"demo@demo.com","phone":"01977357091","method":"","account":"018840","usdAmount":"567","bdtAmount":"60102.00","fee":"11.34 USD","rbdt":"58899.96 BDT","tokenname":"bep20","address":"2","transaction":"fdgkjfxdjigjihgjfiogfgighjhjkfjhkj","datetime":"2024-05-17 10:32:51"},{"pyment":"sell","userid":"24.0064,89.2372","email":"demo@demo.com","phone":"01977357091","method":"","account":"018840","usdAmount":"567","bdtAmount":"60102.00","fee":"11.34 USD","rbdt":"58899.96 BDT","tokenname":"bep20","address":"2","transaction":"fdgkjfxdjigjihgjfiogfgighjhjkfjhkj","datetime":"2024-05-17 10:33:25"},{"pyment":"sell","userid":"24.0064,89.2372","email":"demo@demo.com","phone":"01977357091","method":"","account":"018840","usdAmount":"567","bdtAmount":"60102.00","fee":"11.34 USD","rbdt":"58899.96 BDT","tokenname":"bep20","address":"2","transaction":"fdgkjfxdjigjihgjfiogfgighjhjkfjhkj","datetime":"2024-05-17 10:34:03"},{"pyment":"sell","userid":"24.0064,89.2372","email":"demo@demo.com","phone":"01977357091","method":"","account":"018840","usdAmount":"567","bdtAmount":"60102.00","fee":"11.34 USD","rbdt":"58899.96 BDT","tokenname":"bep20","address":"2","transaction":"fdgkjfxdjigjihgjfiogfgighjhjkfjhkj","datetime":"2024-05-17 10:36:11"},{"pyment":"sell","userid":"24.0064,89.2372","email":"demo@demo.com","phone":"01977357091","method":"","account":"018840","usdAmount":"567","bdtAmount":"60102.00","fee":"11.34 USD","rbdt":"58899.96 BDT","tokenname":"bep20","address":"2","transaction":"fdgkjfxdjigjihgjfiogfgighjhjkfjhkj","datetime":"2024-05-17 10:36:29"},{"pyment":"sell","userid":"24.0064,89.2372","email":"demo@demo.com","phone":"01977357091","method":"","account":"018840","usdAmount":"567","bdtAmount":"60102.00","fee":"11.34 USD","rbdt":"58899.96 BDT","tokenname":"bep20","address":"2","transaction":"fdgkjfxdjigjihgjfiogfgighjhjkfjhkj","datetime":"2024-05-17 10:36:49"},{"pyment":"sell","userid":"24.0064,89.2372","email":"demo@demo.com","phone":"01977357091","method":"","account":"018840","usdAmount":"567","bdtAmount":"60102.00","fee":"11.34 USD","rbdt":"58899.96 BDT","tokenname":"bep20","address":"2","transaction":"fdgkjfxdjigjihgjfiogfgighjhjkfjhkj","datetime":"2024-05-17 10:40:49"},{"pyment":"sell","userid":"24.0064,89.2372","email":"demo@demo.com","phone":"01977357091","method":"","account":"018840","usdAmount":"567","bdtAmount":"60102.00","fee":"11.34 USD","rbdt":"58899.96 BDT","tokenname":"bep20","address":"2","transaction":"fdgkjfxdjigjihgjfiogfgighjhjkfjhkj","datetime":"2024-05-17 10:43:55"},{"pyment":"sell","userid":"24.0064,89.2372","email":"demo@demo.com","phone":"01977357091","method":"","account":"018840","usdAmount":"567","bdtAmount":"60102.00","fee":"11.34 USD","rbdt":"58899.96 BDT","tokenname":"bep20","address":"2","transaction":"fdgkjfxdjigjihgjfiogfgighjhjkfjhkj","datetime":"2024-05-17 10:44:54"},{"pyment":"sell","userid":"24.0064,89.2372","email":"demo@demo.com","phone":"01977357091","method":"","account":"018840","usdAmount":"567","bdtAmount":"60102.00","fee":"11.34 USD","rbdt":"58899.96 BDT","tokenname":"bep20","address":"2","transaction":"fdgkjfxdjigjihgjfiogfgighjhjkfjhkj","datetime":"2024-05-17 10:46:35"},{"pyment":"sell","userid":"24.0064,89.2372","email":"demo@demo.com","phone":"01977357091","method":"","account":"018840","usdAmount":"567","bdtAmount":"60102.00","fee":"11.34 USD","rbdt":"58899.96 BDT","tokenname":"bep20","address":"2","transaction":"fdgkjfxdjigjihgjfiogfgighjhjkfjhkj","datetime":"2024-05-17 10:47:15"},{"pyment":"sell","userid":"24.0064,89.2372","email":"demo@demo.com","phone":"01977357091","method":"","account":"018840","usdAmount":"567","bdtAmount":"60102.00","fee":"11.34 USD","rbdt":"58899.96 BDT","tokenname":"bep20","address":"2","transaction":"fdgkjfxdjigjihgjfiogfgighjhjkfjhkj","datetime":"2024-05-17 10:47:46"},{"pyment":"sell","userid":"24.0064,89.2372","email":"demo@demo.com","phone":"01977357091","method":"","account":"018840","usdAmount":"567","bdtAmount":"60102.00","fee":"11.34 USD","rbdt":"58899.96 BDT","tokenname":"bep20","address":"2","transaction":"fdgkjfxdjigjihgjfiogfgighjhjkfjhkj","datetime":"2024-05-17 10:49:51"},{"pyment":"sell","userid":"24.0064,89.2372","email":"demo@demo.com","phone":"01977357091","method":"","account":"018840","usdAmount":"567","bdtAmount":"60102.00","fee":"11.34 USD","rbdt":"58899.96 BDT","tokenname":"bep20","address":"2","transaction":"fdgkjfxdjigjihgjfiogfgighjhjkfjhkj","datetime":"2024-05-17 10:50:12"},{"pyment":"sell","userid":"24.0064,89.2372","email":"demo@demo.com","phone":"01977357091","method":"","account":"018840","usdAmount":"567","bdtAmount":"60102.00","fee":"11.34 USD","rbdt":"58899.96 BDT","tokenname":"bep20","address":"2","transaction":"fdgkjfxdjigjihgjfiogfgighjhjkfjhkj","datetime":"2024-05-17 10:55:54"},{"pyment":"sell","userid":"24.0064,89.2372","email":"demo@demo.com","phone":"01977357091","method":"","account":"018840","usdAmount":"567","bdtAmount":"60102.00","fee":"11.34 USD","rbdt":"58899.96 BDT","tokenname":"bep20","address":"2","transaction":"fdgkjfxdjigjihgjfiogfgighjhjkfjhkj","datetime":"2024-05-17 11:10:36"}]